epoch,train_loss,val_loss
1,0.036373261213302616,0.045068948795752864
2,0.028045579232275485,0.04487259739211628
