epoch,train_loss,val_loss,val_ADE,val_FDE,val_Miss_Rate
1,519.1431829279119,483.2560323079427,27.68429946899414,39.1701545715332,1.0
2,497.7590359774503,438.68479410807294,25.70237159729004,37.24632263183594,1.0
3,457.3817887739702,411.736328125,24.340909957885742,35.90422058105469,0.9866666793823242
4,432.77404230291194,387.2665710449219,23.302627563476562,35.08370590209961,0.9800000190734863
5,397.8377990722656,360.6336263020833,22.392486572265625,33.533050537109375,0.9866666793823242
