epoch,train_loss,train_acc,val_loss,val_acc
1,1.880463,0.339,1.738926,0.383
2,1.523494,0.4554,1.606502,0.435
3,1.346307,0.5108,1.504326,0.467
4,1.153863,0.5854,1.501648,0.495
5,1.001853,0.6464,1.489732,0.485
6,0.839954,0.703,1.485961,0.516
7,0.698309,0.7642,1.709256,0.486
8,0.621528,0.7848,2.00825,0.465
9,0.475779,0.8396,1.738783,0.53
10,0.401482,0.8656,2.022294,0.506
