epoch,train_loss,train_acc,val_loss,val_acc
1,1.832797,0.342,1.571812,0.416
2,1.408195,0.5026,1.454572,0.487
3,1.210664,0.57,1.278003,0.533
4,1.03001,0.634,1.227341,0.566
5,0.850764,0.7024,1.276858,0.548
6,0.695781,0.7592,1.315394,0.56
7,0.562591,0.8096,1.376962,0.555
8,0.391423,0.8726,1.460221,0.568
9,0.266236,0.9208,1.561142,0.577
10,0.182144,0.9508,1.753898,0.573
